{"Index": "399001.SZ", "Date": "2002-05-20", "Open": 3106.199951, "High": 3106.199951, "Low": 3041.399902, "Close": 3072.22998, "Adj Close": 3072.195313, "Volume": 0.0, "CloseUSD": 491.5567968}